rank,year,title,authors,venue,publicationDate,citationCount,influentialCitationCount,importanceScore,category,keywordTags,keyIdea,strengths,limitations,doi,sourceId,url,openAccessPdf,workType,language,relevanceReason,abstract
1,1937,SOMATIC MOTOR AND SENSORY REPRESENTATION IN THE CEREBRAL CORTEX OF MAN AS STUDIED BY ELECTRICAL STIMULATION,"W. Penfield, E. Boldrey",Unknown venue,1937-12-01,4155,162,161.18,General Brain Science and Reviews,stimulation,Positions SOMATIC MOTOR AND SENSORY REPRESENTATION IN THE CEREBRAL CORTEX OF MAN AS STUDIED BY ELECTRICAL STIMULATION within General Brain Science and Reviews.,"high citation signal (4,155)","Broad reviews can dominate citation-ranked lists while obscuring narrower empirical advances.; Taxonomy boundaries are imperfect because many brain papers combine methods, scales, and diseases.; Metadata-level ranking should be complemented with full-text expert review before strong claims are made.",10.1093/BRAIN/60.4.389,fd966d1e0d1d44368d721fa5d009bc003900bcd7,https://doi.org/10.1093/BRAIN/60.4.389,,paper,unknown,cerebral; cortex; neuroscience term,
2,1937,"Cerebral states during sleep, as studied by human brain potentials","A. Loomis, E. N. Harvey, G. Hobart",Unknown venue,1937-08-01,770,12,130.86,General Brain Science and Reviews,human,"Positions Cerebral states during sleep, as studied by human brain potentials within General Brain Science and Reviews.",high citation signal (770); human evidence signal,"Broad reviews can dominate citation-ranked lists while obscuring narrower empirical advances.; Taxonomy boundaries are imperfect because many brain papers combine methods, scales, and diseases.; Human cohort effects can depend on recruitment, demographics, comorbidity, and measurement context.",10.1037/H0057431,65755c009f68a214ec04c22c315b539cf8cf386c,https://doi.org/10.1037/H0057431,,paper,unknown,brain; cerebral; brain in title,
3,1937,INTRACRANIAL PRESSURE WITHOUT BRAIN TUMOR: DIAGNOSIS AND TREATMENT.,W. Dandy,Annals of Surgery,1937-10-01,484,18,122.31,Clinical Neurology and Neurodegeneration,,Positions INTRACRANIAL PRESSURE WITHOUT BRAIN TUMOR: DIAGNOSIS AND TREATMENT. within Clinical Neurology and Neurodegeneration.,high citation signal (484); open-access PDF metadata,"Clinical cohorts often differ in disease stage, comorbidity, treatment history, and follow-up duration.; Biomarkers may not transfer cleanly across populations, scanners, care settings, or diagnostic criteria.; Metadata-level ranking should be complemented with full-text expert review before strong claims are made.",10.1097/00000658-193710000-00002,2c4d109c3a17d2d73b584d983eec12a28b681830,https://doi.org/10.1097/00000658-193710000-00002,https://www.ncbi.nlm.nih.gov/pmc/articles/PMC1390605,JournalArticle,unknown,brain; brain in title,
4,1937,BRAIN POTENTIALS DURING SLEEP,"H. Blake, R. Gerard",Unknown venue,1937-07-31,263,15,108.37,General Brain Science and Reviews,,Positions BRAIN POTENTIALS DURING SLEEP within General Brain Science and Reviews.,high citation signal (263),"Broad reviews can dominate citation-ranked lists while obscuring narrower empirical advances.; Taxonomy boundaries are imperfect because many brain papers combine methods, scales, and diseases.; Metadata-level ranking should be complemented with full-text expert review before strong claims are made.",10.1152/AJPLEGACY.1937.119.4.692,6a9c804775250fc58645183d3126542948eec3f2,https://doi.org/10.1152/AJPLEGACY.1937.119.4.692,,paper,unknown,brain; brain in title,
5,1937,CHANGES IN HUMAN BRAIN POTENTIALS DURING THE ONSET OF SLEEP.,"H. Davis, P. Davis, A. Loomis, E. N. Harvey, G. Hobart",Science,1937-11-12,151,4,111.63,General Brain Science and Reviews,human,Positions CHANGES IN HUMAN BRAIN POTENTIALS DURING THE ONSET OF SLEEP. within General Brain Science and Reviews.,high citation signal (151); recognized venue; human evidence signal,"Broad reviews can dominate citation-ranked lists while obscuring narrower empirical advances.; Taxonomy boundaries are imperfect because many brain papers combine methods, scales, and diseases.; Human cohort effects can depend on recruitment, demographics, comorbidity, and measurement context.",10.1126/SCIENCE.86.2237.448,23811b61fb51a2fd8eb3ccd6a0eb700f1fa636a7,https://doi.org/10.1126/SCIENCE.86.2237.448,,JournalArticle,unknown,brain; brain in title,
6,1937,Studies on brain metabolism: The metabolism of glutamic acid in brain.,H. Weil-Malherbe,Biochemical Journal,1937-02-01,131,0,98.89,"Cerebrovascular, Metabolism, and Brain Injury",,"Positions Studies on brain metabolism: The metabolism of glutamic acid in brain. within Cerebrovascular, Metabolism, and Brain Injury.",high citation signal (131); open-access PDF metadata,"Acute injury studies can be sensitive to timing, severity, comorbidity, and treatment heterogeneity.; Animal models may not capture human vascular risk, injury complexity, or rehabilitation context.; Metadata-level ranking should be complemented with full-text expert review before strong claims are made.",10.1042/BJ0300665,8fe9926bc668fda81c055bef747c35bc238f9a2d,https://doi.org/10.1042/BJ0300665,https://europepmc.org/articles/pmc1263074?pdf=render,JournalArticle,unknown,brain; brain in title,
7,1937,ELECTRICAL ACTIVITY OF THE CEREBRAL CORTEX IN THE UNANESTHETIZED CAT,"M. Rheinberger, H. Jasper",Unknown venue,1937-04-30,130,0,97.75,General Brain Science and Reviews,,Positions ELECTRICAL ACTIVITY OF THE CEREBRAL CORTEX IN THE UNANESTHETIZED CAT within General Brain Science and Reviews.,high citation signal (130),"Broad reviews can dominate citation-ranked lists while obscuring narrower empirical advances.; Taxonomy boundaries are imperfect because many brain papers combine methods, scales, and diseases.; Metadata-level ranking should be complemented with full-text expert review before strong claims are made.",10.1152/AJPLEGACY.1937.119.1.186,3ea535d6164f12799060d5e83b22559f9f208d74,https://doi.org/10.1152/AJPLEGACY.1937.119.1.186,,paper,unknown,cerebral; cortex; neuroscience term,
8,1937,Brain-Weight and Body-Weight of Mammals,G. Bonin,Unknown venue,1937-04-01,106,2,92.11,General Brain Science and Reviews,,Positions Brain-Weight and Body-Weight of Mammals within General Brain Science and Reviews.,high citation signal (106),"Broad reviews can dominate citation-ranked lists while obscuring narrower empirical advances.; Taxonomy boundaries are imperfect because many brain papers combine methods, scales, and diseases.; Metadata-level ranking should be complemented with full-text expert review before strong claims are made.",10.1080/00221309.1937.9917959,ad6d6c8c507a755827ae896146fd6c98858e107d,https://doi.org/10.1080/00221309.1937.9917959,,paper,unknown,brain; brain in title,
9,1937,The ontogenetic development of the diencephalic centers in a bird's brain (chick) and comparison with the reptilian and mammalian diencephalon,H. Kuhlenbeck,Unknown venue,1937-02-01,103,6,91.6,"Brain Development, Plasticity, and Connectomics",,"Positions The ontogenetic development of the diencephalic centers in a bird's brain (chick) and comparison with the reptilian and mammalian diencephalon within Brain Development, Plasticity, and Connectomics.",high citation signal (103),"Developmental and aging studies are sensitive to cohort composition, attrition, and longitudinal sampling intervals.; Network measures can depend heavily on parcellation, thresholding, and acquisition choices.; Metadata-level ranking should be complemented with full-text expert review before strong claims are made.",10.1002/cne.900660103,73b869e3f942bb6c42065505693e9d8afe586508,https://doi.org/10.1002/cne.900660103,,paper,unknown,brain; brain in title,
10,1937,NEURAL MECHANISMS CONTROLLING THE PALMAR GALVANIC SKIN REFLEX AND PALMAR SWEATING: A CONSIDERATION OF AVAILABLE LITERATURE,C. Darrow,Unknown venue,1937-03-01,92,3,84.79,General Brain Science and Reviews,non-human,Positions NEURAL MECHANISMS CONTROLLING THE PALMAR GALVANIC SKIN REFLEX AND PALMAR SWEATING: A CONSIDERATION OF AVAILABLE LITERATURE within General Brain Science and Reviews.,high citation signal (92),"Broad reviews can dominate citation-ranked lists while obscuring narrower empirical advances.; Taxonomy boundaries are imperfect because many brain papers combine methods, scales, and diseases.; Non-human findings need careful translation to human brain organization and clinical outcomes.",10.1001/ARCHNEURPSYC.1937.02260150171011,a21cc511df1e81e2461ec60ef48daff2a107a911,https://doi.org/10.1001/ARCHNEURPSYC.1937.02260150171011,,paper,unknown,neural,
11,1937,THE RÔLE OF THE CEREBRAL CORTEX AND OF VARIOUS SENSE ORGANS IN THE EXCITATION AND EXECUTION OF MATING ACTIVITY IN THE RABBIT,C. Brooks,Unknown venue,1937-10-31,88,2,90.8,General Brain Science and Reviews,,Positions THE RÔLE OF THE CEREBRAL CORTEX AND OF VARIOUS SENSE ORGANS IN THE EXCITATION AND EXECUTION OF MATING ACTIVITY IN THE RABBIT within General Brain Science and Reviews.,high citation signal (88),"Broad reviews can dominate citation-ranked lists while obscuring narrower empirical advances.; Taxonomy boundaries are imperfect because many brain papers combine methods, scales, and diseases.; Metadata-level ranking should be complemented with full-text expert review before strong claims are made.",10.1152/AJPLEGACY.1937.120.3.544,b717803a77de84dd48748ee07889e3653b171a14,https://doi.org/10.1152/AJPLEGACY.1937.120.3.544,,paper,unknown,cerebral; cortex; neuroscience term,
12,1937,INFLUENCE OF HOST FACTORS ON NEUROINVASIVENESS OF VESICULAR STOMATITIS VIRUS,"A. Sabin, P. K. Olitsky",Journal of Experimental Medicine,1937-06-30,80,6,96.5,Clinical Neurology and Neurodegeneration,human;non-human,1. Injection of vesicular stomatitis virus into the leg muscles of young mice gives rise to flaccid paralysis of the inoculated extremity as the first clinical sign of a disease which is invariably fatal; old mice similarly injected with the largest doses of virus survive without exhibiting any signs of illness.,high citation signal (80); open-access PDF metadata; human evidence signal,"Clinical cohorts often differ in disease stage, comorbidity, treatment history, and follow-up duration.; Biomarkers may not transfer cleanly across populations, scanners, care settings, or diagnostic criteria.; Non-human findings need careful translation to human brain organization and clinical outcomes.",10.1084/jem.66.1.35,967f1e0d160e6d5d75a1de8d3f8fc10cb1c7c641,https://doi.org/10.1084/jem.66.1.35,https://rupress.org/jem/article-pdf/66/1/35/1181006/35.pdf,JournalArticle,unknown,brain; cortex; neural; neuroscience term,"1. Injection of vesicular stomatitis virus into the leg muscles of young mice gives rise to flaccid paralysis of the inoculated extremity as the first clinical sign of a disease which is invariably fatal; old mice similarly injected with the largest doses of virus survive without exhibiting any signs of illness. 2. In young mice the virus was shown to multiply at the site of inoculation and to invade the sciatic nerve and spinal cord; there was no evidence of multiplication of virus in the blood or viscera. 3. In old mice, after intramuscular injection of as much as 10 million M.C.L.D., there was no evidence of either local or systemic multiplication; in spite of the persistence of thousands of M.C.L.D. of virus at the site of inoculation for at least 4 days, there was no detectable invasion of the sciatic nerve or the central nervous system. 4. Injection of the virus directly into the sciatic nerve of old mice led to the typical paralytic disease in half the number of animals. 5. For 3 days after intrasciatic injection the virus could be demonstrated in the nerve but not in the spinal cord or brain. At the onset of paralysis (6th day) virus was detectable in the spinal cord but no longer in the inoculated nerve. 6. The capacity of the virus to invade the central nervous system from the nerve but not from the muscle suggested the existence of a barrier in the muscle or myoneural junction. 7. Injection of the virus into the vitreous humor of the eye is followed by a fatal encephalitis in 15 day old mice, but 1 year old mice, with few exceptions, survive without showing signs of disease. 8. The spread of virus in the brains of intraocularly injected, 15 day old mice was too rapid to indicate the pathways which were pursued, but in 21 day old mice there was evidence that the primary pathway was probably along the axons of the optic nerve with decussation to the contralateral diencephalon and mesencephalon, and subsequent early spread to the corresponding occipital cortex. In resistant, old mice, however, no virus was found in any part of the brain."
13,1937,The unusual manner of vascularization of the brain of the opossum (Didelphys virginiana),"G. B. Wislocki, A. Campbell",Unknown venue,1937-01-01,79,2,86.88,General Brain Science and Reviews,,Positions The unusual manner of vascularization of the brain of the opossum (Didelphys virginiana) within General Brain Science and Reviews.,high citation signal (79),"Broad reviews can dominate citation-ranked lists while obscuring narrower empirical advances.; Taxonomy boundaries are imperfect because many brain papers combine methods, scales, and diseases.; Metadata-level ranking should be complemented with full-text expert review before strong claims are made.",10.1002/ar.1090670205,97b4581b6c6a01475cb6f76aa776e39380548e5e,https://doi.org/10.1002/ar.1090670205,,paper,unknown,brain; brain in title,
14,1937,Relationships of thalamic nuclei to the cerebral cortex in the cat,"W. Waller, R. W. Barris",Unknown venue,1937-08-01,76,0,88.19,General Brain Science and Reviews,,Positions Relationships of thalamic nuclei to the cerebral cortex in the cat within General Brain Science and Reviews.,high citation signal (76),"Broad reviews can dominate citation-ranked lists while obscuring narrower empirical advances.; Taxonomy boundaries are imperfect because many brain papers combine methods, scales, and diseases.; Metadata-level ranking should be complemented with full-text expert review before strong claims are made.",10.1002/CNE.900670208,996f7ae1786bcd9504226554bb65f050022d18aa,https://doi.org/10.1002/CNE.900670208,,paper,unknown,cerebral; cortex; neuroscience term,
15,1937,Oxidation of aliphatic amines by brain and other tissues.,"Caecilia Elisabeth Mary Pugh, J. H. Quastel",Biochemical Journal,1937-02-01,72,0,88.23,General Brain Science and Reviews,,Positions Oxidation of aliphatic amines by brain and other tissues. within General Brain Science and Reviews.,high citation signal (72); open-access PDF metadata,"Broad reviews can dominate citation-ranked lists while obscuring narrower empirical advances.; Taxonomy boundaries are imperfect because many brain papers combine methods, scales, and diseases.; Metadata-level ranking should be complemented with full-text expert review before strong claims are made.",10.1042/BJ0310286,43f8aaed50603526697b275efb21b4e59f42fc28,https://doi.org/10.1042/BJ0310286,https://europepmc.org/articles/pmc1266930?pdf=render,JournalArticle,unknown,brain; brain in title,
16,1937,EFFECTS OF FARADIC STIMULATION OF THE CEREBRAL CORTEX ON LIMB AND RENAL VOLUMES IN THE CAT AND MONKEY,"H. D. Green, E. Hoff",Unknown venue,1937-03-31,70,0,89.13,General Brain Science and Reviews,non-human;stimulation,Positions EFFECTS OF FARADIC STIMULATION OF THE CEREBRAL CORTEX ON LIMB AND RENAL VOLUMES IN THE CAT AND MONKEY within General Brain Science and Reviews.,high citation signal (70),"Broad reviews can dominate citation-ranked lists while obscuring narrower empirical advances.; Taxonomy boundaries are imperfect because many brain papers combine methods, scales, and diseases.; Non-human findings need careful translation to human brain organization and clinical outcomes.",10.1152/AJPLEGACY.1937.118.4.641,7a983f7fb3e86a8ca9e1223962233ec19a7e20b3,https://doi.org/10.1152/AJPLEGACY.1937.118.4.641,,paper,unknown,cerebral; cortex; neuroscience term,
17,1937,ELECTRIC RESPONSES OF THE BRAIN STEM TO BILATERAL AUDITORY STIMULATION,"E. H. Kemp, E. Robinson",Unknown venue,1937-09-30,67,0,85.15,General Brain Science and Reviews,stimulation,Positions ELECTRIC RESPONSES OF THE BRAIN STEM TO BILATERAL AUDITORY STIMULATION within General Brain Science and Reviews.,high citation signal (67),"Broad reviews can dominate citation-ranked lists while obscuring narrower empirical advances.; Taxonomy boundaries are imperfect because many brain papers combine methods, scales, and diseases.; Metadata-level ranking should be complemented with full-text expert review before strong claims are made.",10.1152/AJPLEGACY.1937.120.2.316,3a583b57f2fdb4aaa139bd5bd4ffcb63e7711fc1,https://doi.org/10.1152/AJPLEGACY.1937.120.2.316,,paper,unknown,brain; brain in title,
18,1937,Human occipital brain potentials as affected by intensity-duration variables of visual stimulation.,Ruth M. Cruikshank,Unknown venue,1937-12-01,66,1,87.28,General Brain Science and Reviews,human;non-human;stimulation,Positions Human occipital brain potentials as affected by intensity-duration variables of visual stimulation. within General Brain Science and Reviews.,high citation signal (66); human evidence signal,"Broad reviews can dominate citation-ranked lists while obscuring narrower empirical advances.; Taxonomy boundaries are imperfect because many brain papers combine methods, scales, and diseases.; Non-human findings need careful translation to human brain organization and clinical outcomes.",10.1037/H0062705,3dc252cb01697107cfbb4abd390d519c680c81ae,https://doi.org/10.1037/H0062705,,paper,unknown,brain; brain in title,
19,1937,The Electro-Encephalogram in Cases of Cerebral Tumour,W. Walter,Proceedings of the Royal Society of Medicine,1937-03-01,60,0,79.0,General Brain Science and Reviews,,Positions The Electro-Encephalogram in Cases of Cerebral Tumour within General Brain Science and Reviews.,high citation signal (60); open-access PDF metadata,"Broad reviews can dominate citation-ranked lists while obscuring narrower empirical advances.; Taxonomy boundaries are imperfect because many brain papers combine methods, scales, and diseases.; Metadata-level ranking should be complemented with full-text expert review before strong claims are made.",10.1177/003591573703000526,0cdd8d64562cdb73d4ab89ff95ab09800e55a3b8,https://doi.org/10.1177/003591573703000526,https://journals.sagepub.com/doi/pdf/10.1177/003591573703000526,JournalArticle,unknown,cerebral,
20,1937,A study of the surface structure of the brain of the whale (balaenoptera physalus and physeter catodon),"F. A. Ries, O. Langworthy",Unknown venue,1937-12-01,52,2,79.47,General Brain Science and Reviews,,Positions A study of the surface structure of the brain of the whale (balaenoptera physalus and physeter catodon) within General Brain Science and Reviews.,high citation signal (52),"Broad reviews can dominate citation-ranked lists while obscuring narrower empirical advances.; Taxonomy boundaries are imperfect because many brain papers combine methods, scales, and diseases.; Metadata-level ranking should be complemented with full-text expert review before strong claims are made.",10.1002/cne.900680102,341c6d9d4c016cfc6299e18d4bb491477396c441,https://doi.org/10.1002/cne.900680102,,paper,unknown,brain; brain in title,
21,1937,Brain mechanisms and variability: II. Variability where no learning is involved.,I. Krechevsky,Unknown venue,1937,52,1,79.47,Cognitive and Systems Neuroscience,,Positions Brain mechanisms and variability: II. Variability where no learning is involved. within Cognitive and Systems Neuroscience.,high citation signal (52),"Task designs can simplify cognition enough that ecological validity becomes uncertain.; Cross-species alignment between circuits, behavior, and subjective experience remains imperfect.; Metadata-level ranking should be complemented with full-text expert review before strong claims are made.",10.1037/H0056131,9572aabaa8193098e42bb4eb5a07265ba5388f96,https://doi.org/10.1037/H0056131,,paper,unknown,brain; brain in title,
22,1937,LESIONS OF THE BRAIN FOLLOWING FEVER THERAPY,F. W. Hartman,Unknown venue,1937-12-25,49,1,78.42,General Brain Science and Reviews,,Positions LESIONS OF THE BRAIN FOLLOWING FEVER THERAPY within General Brain Science and Reviews.,high citation signal (49),"Broad reviews can dominate citation-ranked lists while obscuring narrower empirical advances.; Taxonomy boundaries are imperfect because many brain papers combine methods, scales, and diseases.; Metadata-level ranking should be complemented with full-text expert review before strong claims are made.",10.1001/JAMA.1937.02780520006002,e6fe2a4dfb8d1a7871e14d6924125d9c68a2b0c1,https://doi.org/10.1001/JAMA.1937.02780520006002,,Review,unknown,brain; brain in title,
23,1937,The telencephalon of tupinambis nigropunctatus. I. Medial and cortical areas,Alice Curwen,Unknown venue,1937-04-01,49,1,72.42,General Brain Science and Reviews,,Positions The telencephalon of tupinambis nigropunctatus. I. Medial and cortical areas within General Brain Science and Reviews.,high citation signal (49),"Broad reviews can dominate citation-ranked lists while obscuring narrower empirical advances.; Taxonomy boundaries are imperfect because many brain papers combine methods, scales, and diseases.; Metadata-level ranking should be complemented with full-text expert review before strong claims are made.",10.1002/cne.900660208,18b36a9338df4dad144bb1eb40a5d9361491d038,https://doi.org/10.1002/cne.900660208,,paper,unknown,cortical,
24,1937,THE EFFECT OF HYPOGLYCEMIA ON THE METABOLISM OF THE BRAIN1,"H. Himwich, J. Fazekas",Unknown venue,1937-11-01,47,0,77.68,"Cerebrovascular, Metabolism, and Brain Injury",,"Positions THE EFFECT OF HYPOGLYCEMIA ON THE METABOLISM OF THE BRAIN1 within Cerebrovascular, Metabolism, and Brain Injury.",high citation signal (47),"Acute injury studies can be sensitive to timing, severity, comorbidity, and treatment heterogeneity.; Animal models may not capture human vascular risk, injury complexity, or rehabilitation context.; Metadata-level ranking should be complemented with full-text expert review before strong claims are made.",10.1210/ENDO-21-6-800,52caef1c472bc1605d157c763e2d52513a8c8505,https://doi.org/10.1210/ENDO-21-6-800,,paper,unknown,brain; brain in title,
25,1937,Functional activity and pH of the cerebral cortex,"J. G. D. de Barenne, W. McCulloch, L. F. Nims",Unknown venue,1937-10-01,45,0,78.92,General Brain Science and Reviews,,Positions Functional activity and pH of the cerebral cortex within General Brain Science and Reviews.,high citation signal (45),"Broad reviews can dominate citation-ranked lists while obscuring narrower empirical advances.; Taxonomy boundaries are imperfect because many brain papers combine methods, scales, and diseases.; Metadata-level ranking should be complemented with full-text expert review before strong claims are made.",10.1002/JCP.1030100303,bf19d14d9c81616b231494d5bc426f63c1fc1ab2,https://doi.org/10.1002/JCP.1030100303,,paper,unknown,cerebral; cortex; neuroscience term,
26,1937,The Projection of the Medial Geniculate Body to the Cerebral Cortex in the Macaque Monkey.,Walker Ae,Unknown venue,1937-04-01,45,0,80.12,General Brain Science and Reviews,non-human,Positions The Projection of the Medial Geniculate Body to the Cerebral Cortex in the Macaque Monkey. within General Brain Science and Reviews.,high citation signal (45),"Broad reviews can dominate citation-ranked lists while obscuring narrower empirical advances.; Taxonomy boundaries are imperfect because many brain papers combine methods, scales, and diseases.; Non-human findings need careful translation to human brain organization and clinical outcomes.",,fcb5a684e51a42c299f306bf0fe10bf1ad94159b,https://www.semanticscholar.org/paper/fcb5a684e51a42c299f306bf0fe10bf1ad94159b,,paper,unknown,cerebral; cortex; neuroscience term,
27,1937,The mechanism of the biological synthesis of acetylcholine: The isolation of acetylcholine produced by brain tissue in vitro.,"E. Stedman, E. Stedman",Biochemical Journal,1937-05-01,45,0,79.92,General Brain Science and Reviews,,Positions The mechanism of the biological synthesis of acetylcholine: The isolation of acetylcholine produced by brain tissue in vitro. within General Brain Science and Reviews.,high citation signal (45); open-access PDF metadata,"Broad reviews can dominate citation-ranked lists while obscuring narrower empirical advances.; Taxonomy boundaries are imperfect because many brain papers combine methods, scales, and diseases.; Metadata-level ranking should be complemented with full-text expert review before strong claims are made.",10.1042/BJ0310817,aedf051e41e63100e543f6afaec5bd732e1e62a6,https://doi.org/10.1042/BJ0310817,https://europepmc.org/articles/pmc1267009?pdf=render,JournalArticle,unknown,brain; brain in title,
28,1937,"The metabolism of lactic and pyruvic acids in normal and tumour tissues: Rat liver, brain and testis.","K. Elliott, M. E. Greig, M. P. Benoy",Biochemical Journal,1937-07-01,45,1,81.12,"Cerebrovascular, Metabolism, and Brain Injury",non-human,"Positions The metabolism of lactic and pyruvic acids in normal and tumour tissues: Rat liver, brain and testis. within Cerebrovascular, Metabolism, and Brain Injury.",high citation signal (45); open-access PDF metadata,"Acute injury studies can be sensitive to timing, severity, comorbidity, and treatment heterogeneity.; Animal models may not capture human vascular risk, injury complexity, or rehabilitation context.; Non-human findings need careful translation to human brain organization and clinical outcomes.",10.1042/BJ0311003,9a728b8f6d09cc01549285b16a09131223f2bd72,https://doi.org/10.1042/BJ0311003,https://europepmc.org/articles/pmc1267041?pdf=render,JournalArticle,unknown,brain; brain in title,
29,1937,CONNECTIONS BETWEEN THE STRIATUM AND THE SUBSTANTIA NIGRA IN A HUMAN BRAIN,"R. Rundles, J. W. Papez",Unknown venue,1937-09-01,43,0,77.32,General Brain Science and Reviews,human,Positions CONNECTIONS BETWEEN THE STRIATUM AND THE SUBSTANTIA NIGRA IN A HUMAN BRAIN within General Brain Science and Reviews.,high citation signal (43); human evidence signal,"Broad reviews can dominate citation-ranked lists while obscuring narrower empirical advances.; Taxonomy boundaries are imperfect because many brain papers combine methods, scales, and diseases.; Human cohort effects can depend on recruitment, demographics, comorbidity, and measurement context.",10.1001/ARCHNEURPSYC.1937.02260210116008,0f3b5f2d3a2cbb536bdcbcee5229b25ef1b1ff3e,https://doi.org/10.1001/ARCHNEURPSYC.1937.02260210116008,,paper,unknown,brain; brain in title,
30,1937,THE SPEED WITH WHICH VARIOUS PARTS OF THE BODY REACH EQUILIBRIUM IN THE STORAGE OF ETHYL ALCOHOL,"R. N. Harger, H. Hulpieu, E. Lamb",Unknown venue,1937-09-01,43,1,75.52,General Brain Science and Reviews,human;non-human,Determinations were made of the distribution of alcohol in various parts of the bodies of 53 dogs which had received alcohol orally or intravenously and were killed after certain time intervals.,high citation signal (43); open-access PDF metadata; human evidence signal,"Broad reviews can dominate citation-ranked lists while obscuring narrower empirical advances.; Taxonomy boundaries are imperfect because many brain papers combine methods, scales, and diseases.; Non-human findings need careful translation to human brain organization and clinical outcomes.",10.1016/s0021-9258(18)45130-7,14d956f0dd26fe8586be0a4055ac71a9b2188306,https://doi.org/10.1016/s0021-9258(18)45130-7,https://doi.org/10.1016/s0021-9258(18)45130-7,paper,unknown,brain,"Determinations were made of the distribution of alcohol in various parts of the bodies of 53 dogs which had received alcohol orally or intravenously and were killed after certain time intervals. Where the period was 2 hours or 3 hours, intravenous and oral administration of 3 gm. of alcohol per kilo resulted in practically the same concentration ratios of alcohol in blood, stomach contents, stomach tissue, upper intestine, and lower intestine, about 5 percent of the administered alcohol being stored in the alimentary tract. These equilibrium values were still maintained when the period was extended to 12 hours. Following the oral administration of 3 gm. of alcohol per kilo, the unabsorbed alcohol, calculated as excess above equilibrium values for the alimentary tract, decreased from an average of 47.7 percent at 15 minutes to 1.0 percent at 3 hours. With 0.5 and 6.0 gm. per kilo, the unabsorbed alcohol at 1/2 hour averaged 6.2 and 49.1 percent respectively. Although the time intervals varied from 15 minutes to 12 hours, no changes were observed in the concentration relations of alcohol in blood, brain, and liver. The average ratios of alcohol concentrations found in the 53 dogs were (brain = 1), blood 1.17 plus or minus 0.09, and liver 0.91 plus or minus 0.07. With muscle there was a distinct lag during the 1st hour but equilibrium was attained within 3 hours, after which the muscle-brain ratio was 0.90 plus or minus 0.03. After equilibrium resulted, alcohol was stored in about the same proportion as the water content of the materials analyzed. The average ratios on this basis were (brain = 1), blood 1.18 plus or minus 0.08, liver 0.94 plus or minus 0.04, muscle 1.01 plus or minus 0.04, stomach contents 1.13 plus or minus 0.08, stomach tissue 0.93 plus or minus 0.06, upper intestine 0.97 plus or minus 0.03, and lower intestine 0.99 plus or minus 0.05. The spinal fluid-blood alcohol ratios of forty-six human subjects averaged 1.18 plus or minus 0.09. On the basis of average water content in these fluids, the recalculated alcohol ratio was spinal fluid-blood = 0.996."
31,1937,OBSERVATIONS ON THE ROENTGEN TREATMENT OF INTRACRANIAL GLIOMATA WITH ESPECIAL REFERENCE TO THE EFFECTS OF IRRADIATION UPON THE SURROUNDING BRAIN,"J. O'connell, A. Brunschwig",Unknown venue,1937-06-01,42,0,75.7,General Brain Science and Reviews,,Positions OBSERVATIONS ON THE ROENTGEN TREATMENT OF INTRACRANIAL GLIOMATA WITH ESPECIAL REFERENCE TO THE EFFECTS OF IRRADIATION UPON THE SURROUNDING BRAIN within General Brain Science and Reviews.,high citation signal (42),"Broad reviews can dominate citation-ranked lists while obscuring narrower empirical advances.; Taxonomy boundaries are imperfect because many brain papers combine methods, scales, and diseases.; Metadata-level ranking should be complemented with full-text expert review before strong claims are made.",10.1093/BRAIN/60.2.230,8628b0c2e800e53d63c0c60431a59b5c7aa8e9a7,https://doi.org/10.1093/BRAIN/60.2.230,,paper,unknown,brain; brain in title,
32,1937,Relationship Between Brain Potentials and Some Other Physiological Variables,"D. B. Lindsley, B. B. Rubenstein",Unknown venue,1937-01-01,39,0,74.4,General Brain Science and Reviews,,Positions Relationship Between Brain Potentials and Some Other Physiological Variables within General Brain Science and Reviews.,high citation signal (39),"Broad reviews can dominate citation-ranked lists while obscuring narrower empirical advances.; Taxonomy boundaries are imperfect because many brain papers combine methods, scales, and diseases.; Metadata-level ranking should be complemented with full-text expert review before strong claims are made.",10.3181/00379727-35-9053,9af5a8a14a87d309890070d32dc9f733320f9596,https://doi.org/10.3181/00379727-35-9053,,JournalArticle,unknown,brain; brain in title,
33,1937,THE CARBOHYDRATE METABOLISM OF BRAIN III. ON THE ORIGIN OF LACTIC ACID,"S. E. Kerr, M. Ghantus",Unknown venue,1937,39,0,75.6,"Cerebrovascular, Metabolism, and Brain Injury",non-human,"Positions THE CARBOHYDRATE METABOLISM OF BRAIN III. ON THE ORIGIN OF LACTIC ACID within Cerebrovascular, Metabolism, and Brain Injury.",high citation signal (39),"Acute injury studies can be sensitive to timing, severity, comorbidity, and treatment heterogeneity.; Animal models may not capture human vascular risk, injury complexity, or rehabilitation context.; Non-human findings need careful translation to human brain organization and clinical outcomes.",,3762b60c2032fff0231941d46eff663c60c4d56c,https://www.semanticscholar.org/paper/3762b60c2032fff0231941d46eff663c60c4d56c,,paper,unknown,brain; brain in title,
34,1937,UNILATERAL CEREBRAL DOMINANCE AS RELATED TO MIND BLINDNESS: MINIMAL LESION CAPABLE OF CAUSING VISUAL AGNOSIA FOR OBJECTS,J. Nielsen,Unknown venue,1937-07-01,39,1,68.4,General Brain Science and Reviews,,Positions UNILATERAL CEREBRAL DOMINANCE AS RELATED TO MIND BLINDNESS: MINIMAL LESION CAPABLE OF CAUSING VISUAL AGNOSIA FOR OBJECTS within General Brain Science and Reviews.,high citation signal (39),"Broad reviews can dominate citation-ranked lists while obscuring narrower empirical advances.; Taxonomy boundaries are imperfect because many brain papers combine methods, scales, and diseases.; Metadata-level ranking should be complemented with full-text expert review before strong claims are made.",10.1001/ARCHNEURPSYC.1937.02260190118009,e590f3e5c36159106e5ad6f8b0893f2cfdf011d4,https://doi.org/10.1001/ARCHNEURPSYC.1937.02260190118009,,paper,unknown,cerebral,
35,1937,CHANGES IN THE BRAIN IN PLEXECTOMIZED DOGS: WITH COMMENTS ON THE CEREBROSPINAL FLUID,"G. B. Hassin, E. Oldberg, M. Tinsley",Unknown venue,1937-12-01,38,1,73.94,General Brain Science and Reviews,,Positions CHANGES IN THE BRAIN IN PLEXECTOMIZED DOGS: WITH COMMENTS ON THE CEREBROSPINAL FLUID within General Brain Science and Reviews.,high citation signal (38),"Broad reviews can dominate citation-ranked lists while obscuring narrower empirical advances.; Taxonomy boundaries are imperfect because many brain papers combine methods, scales, and diseases.; Metadata-level ranking should be complemented with full-text expert review before strong claims are made.",10.1001/ARCHNEURPSYC.1937.02260240104008,5d5544f8e663918f082aafcad3ab9cfda4308182,https://doi.org/10.1001/ARCHNEURPSYC.1937.02260240104008,,paper,unknown,brain; brain in title,
36,1937,Development of the brain of Amblystoma in early functional stages,C. J. Herrick,Unknown venue,1937-10-01,37,1,73.48,"Brain Development, Plasticity, and Connectomics",,"Positions Development of the brain of Amblystoma in early functional stages within Brain Development, Plasticity, and Connectomics.",high citation signal (37),"Developmental and aging studies are sensitive to cohort composition, attrition, and longitudinal sampling intervals.; Network measures can depend heavily on parcellation, thresholding, and acquisition choices.; Metadata-level ranking should be complemented with full-text expert review before strong claims are made.",10.1002/cne.900670303,b3f7e9f2455c31cb4b60ad9397bde3d5c9c93bb8,https://doi.org/10.1002/cne.900670303,,paper,unknown,brain; brain in title,
37,1937,Studies on brain metabolism: Formation of succinic acid.,H. Weil-Malherbe,Biochemical Journal,1937-02-01,37,0,76.48,"Cerebrovascular, Metabolism, and Brain Injury",,"Positions Studies on brain metabolism: Formation of succinic acid. within Cerebrovascular, Metabolism, and Brain Injury.",high citation signal (37); open-access PDF metadata,"Acute injury studies can be sensitive to timing, severity, comorbidity, and treatment heterogeneity.; Animal models may not capture human vascular risk, injury complexity, or rehabilitation context.; Metadata-level ranking should be complemented with full-text expert review before strong claims are made.",10.1042/BJ0310299,fba6059dde81f3957f5501cb5dfaf8e1bd92b65e,https://doi.org/10.1042/BJ0310299,https://europepmc.org/articles/pmc1266933?pdf=render,JournalArticle,unknown,brain; brain in title,
38,1937,EXPERIMENTAL CEREBRAL TRAUMA: THE FLUID CONTENT OF THE BRAIN AFTER TRAUMA TO THE HEAD,C. Pilcher,Unknown venue,1937-09-01,36,0,75.0,General Brain Science and Reviews,,Positions EXPERIMENTAL CEREBRAL TRAUMA: THE FLUID CONTENT OF THE BRAIN AFTER TRAUMA TO THE HEAD within General Brain Science and Reviews.,high citation signal (36),"Broad reviews can dominate citation-ranked lists while obscuring narrower empirical advances.; Taxonomy boundaries are imperfect because many brain papers combine methods, scales, and diseases.; Metadata-level ranking should be complemented with full-text expert review before strong claims are made.",10.1001/ARCHSURG.1937.01190150095009,0b22eea2255629e1c8e33d458e05636c84f21471,https://doi.org/10.1001/ARCHSURG.1937.01190150095009,,paper,unknown,brain; cerebral; brain in title,
39,1937,Brain mechanisms and variability: I. Variability within a means-end-readiness.,I. Krechevsky,Unknown venue,1937,36,0,73.0,General Brain Science and Reviews,,Positions Brain mechanisms and variability: I. Variability within a means-end-readiness. within General Brain Science and Reviews.,high citation signal (36),"Broad reviews can dominate citation-ranked lists while obscuring narrower empirical advances.; Taxonomy boundaries are imperfect because many brain papers combine methods, scales, and diseases.; Metadata-level ranking should be complemented with full-text expert review before strong claims are made.",10.1037/H0061929,6d74b22cfcf08d086a9e14879d2b730257ce1835,https://doi.org/10.1037/H0061929,,paper,unknown,brain; brain in title,
40,1937,The Adaptation and Variability of Response of the Human Brain Rhythm,B. K. Bagchi,Unknown venue,1937-04-01,36,1,74.2,General Brain Science and Reviews,human,Positions The Adaptation and Variability of Response of the Human Brain Rhythm within General Brain Science and Reviews.,high citation signal (36); human evidence signal,"Broad reviews can dominate citation-ranked lists while obscuring narrower empirical advances.; Taxonomy boundaries are imperfect because many brain papers combine methods, scales, and diseases.; Human cohort effects can depend on recruitment, demographics, comorbidity, and measurement context.",10.1080/00223980.1937.9917514,8eede070eb01cc13b05edf8d4d7845dcdd3bb885,https://doi.org/10.1080/00223980.1937.9917514,,paper,unknown,brain; brain in title,
41,1937,CEREBRAL CIRCULATION: XLV. VASODILATION IN THE PIA FOLLOWING STIMULATION OF THE GENICULATE GANGLION,"H. S. Forbes, G. I. Nason, S. Cobb, Ruth C. Wortman",Unknown venue,1937-04-01,35,0,67.7,General Brain Science and Reviews,stimulation,Positions CEREBRAL CIRCULATION: XLV. VASODILATION IN THE PIA FOLLOWING STIMULATION OF THE GENICULATE GANGLION within General Brain Science and Reviews.,high citation signal (35),"Broad reviews can dominate citation-ranked lists while obscuring narrower empirical advances.; Taxonomy boundaries are imperfect because many brain papers combine methods, scales, and diseases.; Metadata-level ranking should be complemented with full-text expert review before strong claims are made.",10.1001/ARCHNEURPSYC.1937.02260160076008,f41d743884b4c3387427f5ebb11b2bf86055c84f,https://doi.org/10.1001/ARCHNEURPSYC.1937.02260160076008,,paper,unknown,cerebral,
42,1937,"The Iron, Copper and Manganese Content of the Human Brain",A. Tingey,Unknown venue,1937-07-01,34,1,73.2,General Brain Science and Reviews,human,"Positions The Iron, Copper and Manganese Content of the Human Brain within General Brain Science and Reviews.",high citation signal (34); human evidence signal,"Broad reviews can dominate citation-ranked lists while obscuring narrower empirical advances.; Taxonomy boundaries are imperfect because many brain papers combine methods, scales, and diseases.; Human cohort effects can depend on recruitment, demographics, comorbidity, and measurement context.",10.1192/BJP.83.345.452,4326b67e874f41be0ca8336902db8ad542772ee9,https://doi.org/10.1192/BJP.83.345.452,,paper,unknown,brain; brain in title,
43,1937,Topography of the brain stem of the rhesus monkey with special reference to the diencephalon,"D. Atlas, W. R. Ingram",Unknown venue,1937-02-01,34,0,73.2,General Brain Science and Reviews,non-human,Positions Topography of the brain stem of the rhesus monkey with special reference to the diencephalon within General Brain Science and Reviews.,high citation signal (34),"Broad reviews can dominate citation-ranked lists while obscuring narrower empirical advances.; Taxonomy boundaries are imperfect because many brain papers combine methods, scales, and diseases.; Non-human findings need careful translation to human brain organization and clinical outcomes.",10.1002/CNE.900660111,61a5c29a00596b2a0ab82cf93bbe57d5668e46f0,https://doi.org/10.1002/CNE.900660111,,paper,unknown,brain; brain in title,
44,1937,On the Relationship Between Adrenal Cortical Activity and The Convulsive State,G. Glaser,Unknown venue,1937-02-01,33,0,65.47,General Brain Science and Reviews,,Positions On the Relationship Between Adrenal Cortical Activity and The Convulsive State within General Brain Science and Reviews.,high citation signal (33),"Broad reviews can dominate citation-ranked lists while obscuring narrower empirical advances.; Taxonomy boundaries are imperfect because many brain papers combine methods, scales, and diseases.; Metadata-level ranking should be complemented with full-text expert review before strong claims are made.",10.1111/j.1528-1157.1937.tb05573.x,fd44cd7d49d0b8f0e4820cdce3d0a5b3a96e4aeb,https://doi.org/10.1111/j.1528-1157.1937.tb05573.x,,Review,unknown,cortical,
45,1937,"THE DISTRIBUTION OF ADMINISTERED IODIDE AND THIOCYANATE IN COMPARISON WITH CHLORIDE, AND THEIR RELATION TO BODY FLUIDS","G. B. Wallace, B. Brodie, M. Friedman, D. Brand",Journal of Pharmacology and Experimental Therapeutics,1937-12-01,33,0,66.67,General Brain Science and Reviews,non-human,"1. Following the giving of iodide, its distribution in various tissues of the body was determined and compared to that of thiocyanate and chloride.",high citation signal (33),"Broad reviews can dominate citation-ranked lists while obscuring narrower empirical advances.; Taxonomy boundaries are imperfect because many brain papers combine methods, scales, and diseases.; Non-human findings need careful translation to human brain organization and clinical outcomes.",10.1016/s0022-3565(25)09905-7,20494730f22cbc7865ba5fcb69ad200b2331627b,https://doi.org/10.1016/s0022-3565(25)09905-7,,JournalArticle,unknown,brain,"1. Following the giving of iodide, its distribution in various tissues of the body was determined and compared to that of thiocyanate and chloride. 2. It was found that the relative concentration in terms of blood-tissue ratio was alike for the 3 substances in the organs examined, with the exception of the brain, in which the chloride was in much larger amounts than the other two. 3. With the general acceptance of the evidence that chloride is distributed practically entirely in extracellular fluid in inorganic form, it is concluded from our experiments that iodides and also thiocyanates are distributed in organs in like manner. 4. The similarity of distribution of iodide, chloride and thiocyanate makes a selective chemical or physical relationship of iodide to tissue cells improbable."
46,1937,A comparative study of the brains in pleuronectidae,H. M. Evans,Unknown venue,1937-05-01,31,0,74.58,General Brain Science and Reviews,non-human,Positions A comparative study of the brains in pleuronectidae within General Brain Science and Reviews.,high citation signal (31); open-access PDF metadata,"Broad reviews can dominate citation-ranked lists while obscuring narrower empirical advances.; Taxonomy boundaries are imperfect because many brain papers combine methods, scales, and diseases.; Non-human findings need careful translation to human brain organization and clinical outcomes.",10.1098/RSPB.1937.0027,99b79122aaa06ee265a87e32282e89ab7690d42e,https://doi.org/10.1098/RSPB.1937.0027,http://rspb.royalsocietypublishing.org/content/122/828/308.full.pdf,paper,unknown,brain; brain in title,
47,1937,The Brain of the Aboriginal Australian. A Study in Cerebral Morphology,J. Shellshear,Unknown venue,1937-07-15,30,1,74.81,General Brain Science and Reviews,,Positions The Brain of the Aboriginal Australian. A Study in Cerebral Morphology within General Brain Science and Reviews.,high citation signal (30); open-access PDF metadata,"Broad reviews can dominate citation-ranked lists while obscuring narrower empirical advances.; Taxonomy boundaries are imperfect because many brain papers combine methods, scales, and diseases.; Metadata-level ranking should be complemented with full-text expert review before strong claims are made.",10.1098/RSTB.1937.0005,c06a88341b8d403bede78b54a3a3aea4245ace9c,https://doi.org/10.1098/RSTB.1937.0005,http://rstb.royalsocietypublishing.org/content/227/545/293.full.pdf,paper,unknown,brain; cerebral; brain in title,
48,1937,MENTAL CHANGES FOLLOWING THE REMOVAL OF THE RIGHT CEREBRAL HEMISPHERE FOR BRAIN TUMOR,S. N. Rowe,Unknown venue,1937-11-01,29,1,71.22,Clinical Neurology and Neurodegeneration,,Positions MENTAL CHANGES FOLLOWING THE REMOVAL OF THE RIGHT CEREBRAL HEMISPHERE FOR BRAIN TUMOR within Clinical Neurology and Neurodegeneration.,high citation signal (29),"Clinical cohorts often differ in disease stage, comorbidity, treatment history, and follow-up duration.; Biomarkers may not transfer cleanly across populations, scanners, care settings, or diagnostic criteria.; Metadata-level ranking should be complemented with full-text expert review before strong claims are made.",10.1176/AJP.94.3.605,000b0e75ca92409f5901147785634cdb98189505,https://doi.org/10.1176/AJP.94.3.605,,paper,unknown,brain; cerebral; brain in title,
49,1937,"THE CARBOHYDRATE METABOLISM OF BRAIN IV. BRAIN GLYCOGEN, FREE SUGAR, AND LACTIC ACID AS AFFECTED BY INSULIN IN NORMAL AND ADRENALINACTIVATED CATS, AND BY EPINEPHRINE IN NORMAL RABBITS","S. E. Kerr, C. Hampel, M. Ghantus",Unknown venue,1937-07-01,29,0,70.42,"Cerebrovascular, Metabolism, and Brain Injury",non-human,"Positions THE CARBOHYDRATE METABOLISM OF BRAIN IV. BRAIN GLYCOGEN, FREE SUGAR, AND LACTIC ACID AS AFFECTED BY INSULIN IN NORMAL AND ADRENALINACTIVATED CATS, AND BY EPINEPHRINE IN NORMAL RABBITS within Cerebrovascular, Metabolism, and Brain Injury.",high citation signal (29),"Acute injury studies can be sensitive to timing, severity, comorbidity, and treatment heterogeneity.; Animal models may not capture human vascular risk, injury complexity, or rehabilitation context.; Non-human findings need careful translation to human brain organization and clinical outcomes.",,b8b3e80b440feccc7a3d7fb8bbab0f265b44f8e2,https://www.semanticscholar.org/paper/b8b3e80b440feccc7a3d7fb8bbab0f265b44f8e2,,paper,unknown,brain; brain in title,
50,1937,BRAIN METABOLISM DURING THE HYPOGLYCEMIC TREATMENT OF SCHIZOPHRENIA.,"H. Himwich, K. M. Bowman, J. Wortis, J. Fazekas",Science,1937-09-17,27,2,79.98,"Cerebrovascular, Metabolism, and Brain Injury",,"Positions BRAIN METABOLISM DURING THE HYPOGLYCEMIC TREATMENT OF SCHIZOPHRENIA. within Cerebrovascular, Metabolism, and Brain Injury.",high citation signal (27); recognized venue,"Acute injury studies can be sensitive to timing, severity, comorbidity, and treatment heterogeneity.; Animal models may not capture human vascular risk, injury complexity, or rehabilitation context.; Metadata-level ranking should be complemented with full-text expert review before strong claims are made.",10.1126/SCIENCE.86.2229.271,cea94d5895c8a68ffe1e2276058abdfca488fcf6,https://doi.org/10.1126/SCIENCE.86.2229.271,,JournalArticle,unknown,brain; brain in title,
51,1937,Primary Fibroblastoma of the Brain: Report of a Case.,"A. Baker, J. Adams",American Journal of Pathology,1937,27,0,67.98,General Brain Science and Reviews,,Positions Primary Fibroblastoma of the Brain: Report of a Case. within General Brain Science and Reviews.,high citation signal (27),"Broad reviews can dominate citation-ranked lists while obscuring narrower empirical advances.; Taxonomy boundaries are imperfect because many brain papers combine methods, scales, and diseases.; Metadata-level ranking should be complemented with full-text expert review before strong claims are made.",,4781b0ba6bda3b1d52980044d1753df6643aae61,https://www.semanticscholar.org/paper/4781b0ba6bda3b1d52980044d1753df6643aae61,,JournalArticle,unknown,brain; brain in title,
52,1937,An Experimental Investigation of the Cerebral Hemispheres of Lacerta viridis.,F. Goldby,Journal of Anatomy,1937-04-01,27,0,61.98,General Brain Science and Reviews,,Positions An Experimental Investigation of the Cerebral Hemispheres of Lacerta viridis. within General Brain Science and Reviews.,high citation signal (27),"Broad reviews can dominate citation-ranked lists while obscuring narrower empirical advances.; Taxonomy boundaries are imperfect because many brain papers combine methods, scales, and diseases.; Metadata-level ranking should be complemented with full-text expert review before strong claims are made.",,de2b5b46337011d0c5bc2914f7ae12d78ee48cd2,https://www.semanticscholar.org/paper/de2b5b46337011d0c5bc2914f7ae12d78ee48cd2,,JournalArticle,unknown,cerebral,
53,1937,Bilaterally Recorded Brain Potentials from Normal Speakers and Stutterers,"L. E. Travis, J. Knott",Unknown venue,1937-12-01,26,0,67.33,General Brain Science and Reviews,,Positions Bilaterally Recorded Brain Potentials from Normal Speakers and Stutterers within General Brain Science and Reviews.,high citation signal (26),"Broad reviews can dominate citation-ranked lists while obscuring narrower empirical advances.; Taxonomy boundaries are imperfect because many brain papers combine methods, scales, and diseases.; Metadata-level ranking should be complemented with full-text expert review before strong claims are made.",10.1044/JSHD.0204.239,85b9e282ba4756ab0bacc2798c781e3630c6ce73,https://doi.org/10.1044/JSHD.0204.239,,paper,unknown,brain; brain in title,
54,1937,Brain potentials and the temporal course of consciousness.,L. E. Travis,Unknown venue,1937,26,0,67.33,General Brain Science and Reviews,,Positions Brain potentials and the temporal course of consciousness. within General Brain Science and Reviews.,high citation signal (26),"Broad reviews can dominate citation-ranked lists while obscuring narrower empirical advances.; Taxonomy boundaries are imperfect because many brain papers combine methods, scales, and diseases.; Metadata-level ranking should be complemented with full-text expert review before strong claims are made.",10.1037/H0056742,d033ad14456be4d5da2ae35dd985273d5d844670,https://doi.org/10.1037/H0056742,,paper,unknown,brain; brain in title,
55,1937,CHANGES IN THE BRAIN IN ACCIDENTAL ELECTROCUTION,G. B. Hassin,Unknown venue,1937-12-01,26,0,67.33,General Brain Science and Reviews,,Positions CHANGES IN THE BRAIN IN ACCIDENTAL ELECTROCUTION within General Brain Science and Reviews.,high citation signal (26),"Broad reviews can dominate citation-ranked lists while obscuring narrower empirical advances.; Taxonomy boundaries are imperfect because many brain papers combine methods, scales, and diseases.; Metadata-level ranking should be complemented with full-text expert review before strong claims are made.",10.1097/00005053-193712000-00002,088ce6825316ec9a6e8ac1224db95835f6a67803,https://doi.org/10.1097/00005053-193712000-00002,,paper,unknown,brain; brain in title,
56,1937,EFFECT OF EXPERIMENTAL LESIONS OF THE CORTEX ON THE PSYCHOGALVANIC REFLEX IN THE CAT,H. Schwartz,Unknown venue,1937-08-01,26,0,67.33,General Brain Science and Reviews,,Positions EFFECT OF EXPERIMENTAL LESIONS OF THE CORTEX ON THE PSYCHOGALVANIC REFLEX IN THE CAT within General Brain Science and Reviews.,high citation signal (26),"Broad reviews can dominate citation-ranked lists while obscuring narrower empirical advances.; Taxonomy boundaries are imperfect because many brain papers combine methods, scales, and diseases.; Metadata-level ranking should be complemented with full-text expert review before strong claims are made.",10.1001/ARCHNEURPSYC.1937.02260200080007,b80b9628a5c8385c44a4cec7aba917517513fe8a,https://doi.org/10.1001/ARCHNEURPSYC.1937.02260200080007,,paper,unknown,cortex; neuroscience term,
57,1937,The pathology of the brain in rhodesian trypanosomiasis,H. Calwell,Unknown venue,1937-04-19,26,1,67.33,General Brain Science and Reviews,,Positions The pathology of the brain in rhodesian trypanosomiasis within General Brain Science and Reviews.,high citation signal (26),"Broad reviews can dominate citation-ranked lists while obscuring narrower empirical advances.; Taxonomy boundaries are imperfect because many brain papers combine methods, scales, and diseases.; Metadata-level ranking should be complemented with full-text expert review before strong claims are made.",10.1016/S0035-9203(37)90074-9,61b2b57b65ce27907abb5bc4c1ad1948cab22272,https://doi.org/10.1016/S0035-9203(37)90074-9,,paper,unknown,brain; brain in title,
58,1937,THE FLORISBAD SKULL AND BRAIN CAST,M. Drennan,Unknown venue,1937,25,1,66.65,General Brain Science and Reviews,,Positions THE FLORISBAD SKULL AND BRAIN CAST within General Brain Science and Reviews.,high citation signal (25),"Broad reviews can dominate citation-ranked lists while obscuring narrower empirical advances.; Taxonomy boundaries are imperfect because many brain papers combine methods, scales, and diseases.; Metadata-level ranking should be complemented with full-text expert review before strong claims are made.",10.1080/00359193709519748,04ab28590499f8f6908f1ef4fee49297897645ba,https://doi.org/10.1080/00359193709519748,,paper,unknown,brain; brain in title,
59,1937,A Quantitative Analysis of the Structure of the Cerebral Cortex,W. R. Ashby,Unknown venue,1937,24,0,67.94,General Brain Science and Reviews,,Positions A Quantitative Analysis of the Structure of the Cerebral Cortex within General Brain Science and Reviews.,high citation signal (24),"Broad reviews can dominate citation-ranked lists while obscuring narrower empirical advances.; Taxonomy boundaries are imperfect because many brain papers combine methods, scales, and diseases.; Metadata-level ranking should be complemented with full-text expert review before strong claims are made.",10.1192/BJP.83.342.98,c971918875a1acc828b4fc2325d6acc364607075,https://doi.org/10.1192/BJP.83.342.98,,paper,unknown,cerebral; cortex; neuroscience term,
60,1937,Local Anaphylactic Lesions of the Brain in Guinea Pigs.,"L. Alexander, Campbell Ac",American Journal of Pathology,1937-03-01,24,0,65.94,General Brain Science and Reviews,,Positions Local Anaphylactic Lesions of the Brain in Guinea Pigs. within General Brain Science and Reviews.,high citation signal (24),"Broad reviews can dominate citation-ranked lists while obscuring narrower empirical advances.; Taxonomy boundaries are imperfect because many brain papers combine methods, scales, and diseases.; Metadata-level ranking should be complemented with full-text expert review before strong claims are made.",,47a7ec0b8ea2eca0741604fb10f3ab8259a6b523,https://www.semanticscholar.org/paper/47a7ec0b8ea2eca0741604fb10f3ab8259a6b523,,JournalArticle,unknown,brain; brain in title,
61,1937,The Formation of Phosphatides in the Brain Tissue of Adult Animals,"L. Hahn, G. Hevesy",Unknown venue,1937-07-01,24,0,71.34,General Brain Science and Reviews,human;non-human,Positions The Formation of Phosphatides in the Brain Tissue of Adult Animals within General Brain Science and Reviews.,high citation signal (24); open-access PDF metadata; human evidence signal,"Broad reviews can dominate citation-ranked lists while obscuring narrower empirical advances.; Taxonomy boundaries are imperfect because many brain papers combine methods, scales, and diseases.; Non-human findings need careful translation to human brain organization and clinical outcomes.",10.1111/J.1748-1716.1937.TB01177.X,5d49b3d4b040673290a69140e2b3ae87c9683a0a,https://doi.org/10.1111/J.1748-1716.1937.TB01177.X,https://onlinelibrary.wiley.com/doi/pdfdirect/10.1111/j.1748-1716.1937.tb01177.x,paper,unknown,brain; brain in title,
62,1937,Familial progressive diffuse cerebral sclerosis of infants,"D. Russell, K. Tallerman",Archives of Disease in Childhood,1937-04-01,24,0,62.94,"Brain Development, Plasticity, and Connectomics",,"Positions Familial progressive diffuse cerebral sclerosis of infants within Brain Development, Plasticity, and Connectomics.",high citation signal (24); open-access PDF metadata,"Developmental and aging studies are sensitive to cohort composition, attrition, and longitudinal sampling intervals.; Network measures can depend heavily on parcellation, thresholding, and acquisition choices.; Metadata-level ranking should be complemented with full-text expert review before strong claims are made.",10.1136/adc.12.68.71,1277325cc0d082d3660c4317e2d847a8dd01f136,https://doi.org/10.1136/adc.12.68.71,https://adc.bmj.com/content/archdischild/12/68/71.full.pdf,JournalArticle,unknown,cerebral,
63,1937,HOW CONSISTENT ARE AN INDIVIDUAL'S BRAIN POTENTIALS FROM DAY TO DAY?,"L. E. Travis, A. Gottlober",Science,1937-02-26,23,0,77.2,General Brain Science and Reviews,,Positions HOW CONSISTENT ARE AN INDIVIDUAL'S BRAIN POTENTIALS FROM DAY TO DAY? within General Brain Science and Reviews.,high citation signal (23); recognized venue,"Broad reviews can dominate citation-ranked lists while obscuring narrower empirical advances.; Taxonomy boundaries are imperfect because many brain papers combine methods, scales, and diseases.; Metadata-level ranking should be complemented with full-text expert review before strong claims are made.",10.1126/SCIENCE.85.2200.223,8ec9d2f5745843a5718135bfec841bbe06df1639,https://doi.org/10.1126/SCIENCE.85.2200.223,,JournalArticle,unknown,brain; brain in title,
64,1937,"LOCAL STIMULATORY INACTIVATION WITHIN THE CEREBRAL CORTEX, THE FACTOR FOR EXTINCTION","J. G. D. de Barenne, W. McCulloch",Unknown venue,1937-02-28,22,0,69.44,General Brain Science and Reviews,,"Positions LOCAL STIMULATORY INACTIVATION WITHIN THE CEREBRAL CORTEX, THE FACTOR FOR EXTINCTION within General Brain Science and Reviews.",high citation signal (22); open-access PDF metadata,"Broad reviews can dominate citation-ranked lists while obscuring narrower empirical advances.; Taxonomy boundaries are imperfect because many brain papers combine methods, scales, and diseases.; Metadata-level ranking should be complemented with full-text expert review before strong claims are made.",10.1152/AJPLEGACY.1937.118.3.510,b67cdc7425712e81e758b0427c27453736aab716,https://doi.org/10.1152/AJPLEGACY.1937.118.3.510,https://www.physiology.org/pb-assets/PDFs/2017-Legacy-1516816496183.pdf,paper,unknown,cerebral; cortex; neuroscience term,
65,1937,Effect of Metrazol Convulsions on Brain Metabolism.∗,"H. Himwich, K. M. Bowman, J. Fazekas, L. Orenstein",Unknown venue,1937-11-01,22,0,64.44,"Cerebrovascular, Metabolism, and Brain Injury",,"Positions Effect of Metrazol Convulsions on Brain Metabolism.∗ within Cerebrovascular, Metabolism, and Brain Injury.",high citation signal (22),"Acute injury studies can be sensitive to timing, severity, comorbidity, and treatment heterogeneity.; Animal models may not capture human vascular risk, injury complexity, or rehabilitation context.; Metadata-level ranking should be complemented with full-text expert review before strong claims are made.",10.3181/00379727-37-9570P,3ca2f30c9eb9322f2f7c4b7b8bd8b38e6e05ce0e,https://doi.org/10.3181/00379727-37-9570P,,JournalArticle,unknown,brain; brain in title,
66,1937,Tumours of the Base of the Brain: Their Relation to Pathological Sleep and Other Changes in the Conscious State,L. Cox,Unknown venue,1937-05-01,21,0,63.64,General Brain Science and Reviews,,Positions Tumours of the Base of the Brain: Their Relation to Pathological Sleep and Other Changes in the Conscious State within General Brain Science and Reviews.,high citation signal (21),"Broad reviews can dominate citation-ranked lists while obscuring narrower empirical advances.; Taxonomy boundaries are imperfect because many brain papers combine methods, scales, and diseases.; Metadata-level ranking should be complemented with full-text expert review before strong claims are made.",10.5694/j.1326-5377.1937.tb109663.x,70f20aab5ea38553d925acfd738cbef23a6b7caa,https://doi.org/10.5694/j.1326-5377.1937.tb109663.x,,paper,unknown,brain; brain in title,
67,1937,THE ADAPTATION OF UNMODIFIED STRAINS OF YELLOW FEVER VIRUS TO CULTIVATION IN VITRO,"Hugh H. Smith, M. Theiler",Journal of Experimental Medicine,1937-05-31,21,0,61.84,General Brain Science and Reviews,non-human,"1. In a search for suitable tissues for the cultivation of yellow fever virus in vitro, mouse embryos were inoculated with this virus in utero.",high citation signal (21); open-access PDF metadata,"Broad reviews can dominate citation-ranked lists while obscuring narrower empirical advances.; Taxonomy boundaries are imperfect because many brain papers combine methods, scales, and diseases.; Non-human findings need careful translation to human brain organization and clinical outcomes.",10.1084/jem.65.6.801,d413d1c09562b1c95e409d7b0ebbcc5f6288268f,https://doi.org/10.1084/jem.65.6.801,https://rupress.org/jem/article-pdf/65/6/801/1180981/801.pdf,JournalArticle,unknown,brain,"1. In a search for suitable tissues for the cultivation of yellow fever virus in vitro, mouse embryos were inoculated with this virus in utero. A titration for virus content of the various organs of the embryos indicated that the virus was present in the brain in greatest concentration. 2. Unmodified strains of yellow fever virus were readily adapted to cultivation in vitro in a medium consisting of minced mouse embryo brain tissue and Tyrode solution containing 10 per cent normal monkey serum. 3. After a continued cultivation in mouse embryo brain tissue cultures for twenty to twenty-five subcultures, these strains were readily adapted to cultivation in whole mouse embryo tissue medium. 4. There is evidence to indicate that a prolonged cultivation of the virus in mouse embryo brain medium increases its neurotropic properties. 5. Attempts to employ monkey tissues for in vitro cultivation of yellow fever virus gave entirely negative results."
68,1937,The Projection of the Medial Geniculate Body to the Cerebral Cortex in the Macaque Monkey.,A. Walker,Journal of Anatomy,1937,20,1,66.0,General Brain Science and Reviews,non-human,Positions The Projection of the Medial Geniculate Body to the Cerebral Cortex in the Macaque Monkey. within General Brain Science and Reviews.,high citation signal (20),"Broad reviews can dominate citation-ranked lists while obscuring narrower empirical advances.; Taxonomy boundaries are imperfect because many brain papers combine methods, scales, and diseases.; Non-human findings need careful translation to human brain organization and clinical outcomes.",,11d8534205d129ed31f44aec97efa097e07f10d4,https://www.semanticscholar.org/paper/11d8534205d129ed31f44aec97efa097e07f10d4,,JournalArticle,unknown,cerebral; cortex; neuroscience term,
69,1937,THE THALAMUS IN RELATION TO THE CEREBRAL CORTEX,A. Walker,Unknown venue,1937-03-01,20,0,64.8,General Brain Science and Reviews,,Positions THE THALAMUS IN RELATION TO THE CEREBRAL CORTEX within General Brain Science and Reviews.,high citation signal (20),"Broad reviews can dominate citation-ranked lists while obscuring narrower empirical advances.; Taxonomy boundaries are imperfect because many brain papers combine methods, scales, and diseases.; Metadata-level ranking should be complemented with full-text expert review before strong claims are made.",10.1097/00005053-193703000-00001,a863e4bf32a253ad33be9d5f407b901e3bfe79a5,https://doi.org/10.1097/00005053-193703000-00001,,paper,unknown,cerebral; cortex; neuroscience term,
70,1937,Brain Potential Studies of Perseveration: I. Perseveration Time to Light,"L. E. Travis, J. Knott",Unknown venue,1937,20,0,64.0,General Brain Science and Reviews,non-human,Positions Brain Potential Studies of Perseveration: I. Perseveration Time to Light within General Brain Science and Reviews.,high citation signal (20),"Broad reviews can dominate citation-ranked lists while obscuring narrower empirical advances.; Taxonomy boundaries are imperfect because many brain papers combine methods, scales, and diseases.; Non-human findings need careful translation to human brain organization and clinical outcomes.",10.1080/00223980.1937.9917482,e3ebe50c5d19907db0314156e03547c209c43f5e,https://doi.org/10.1080/00223980.1937.9917482,,paper,unknown,brain; brain in title,
71,1937,THE CARBOHYDRATE METABOLISM OF BRAIN V. THE EFFECT OF CERTAIN NARCOTICS AND CONVULSANT DRUGS UPON THE CARBOHYDRATE AND PHOSPHOCREATINE CONTENT OF RABBIT BRAIN,"S. E. Kerr, A. Antaki",Unknown venue,1937-12-01,20,1,64.0,"Cerebrovascular, Metabolism, and Brain Injury",non-human,"Positions THE CARBOHYDRATE METABOLISM OF BRAIN V. THE EFFECT OF CERTAIN NARCOTICS AND CONVULSANT DRUGS UPON THE CARBOHYDRATE AND PHOSPHOCREATINE CONTENT OF RABBIT BRAIN within Cerebrovascular, Metabolism, and Brain Injury.",high citation signal (20),"Acute injury studies can be sensitive to timing, severity, comorbidity, and treatment heterogeneity.; Animal models may not capture human vascular risk, injury complexity, or rehabilitation context.; Non-human findings need careful translation to human brain organization and clinical outcomes.",,18fe19ea2fcb16dda7e93d7ead7f919a353241c1,https://www.semanticscholar.org/paper/18fe19ea2fcb16dda7e93d7ead7f919a353241c1,,paper,unknown,brain; brain in title,
72,1937,The Metabolism of Brain and Nerve,R. Gerard,Unknown venue,1937-06-01,20,0,62.8,"Cerebrovascular, Metabolism, and Brain Injury",,"Positions The Metabolism of Brain and Nerve within Cerebrovascular, Metabolism, and Brain Injury.",high citation signal (20),"Acute injury studies can be sensitive to timing, severity, comorbidity, and treatment heterogeneity.; Animal models may not capture human vascular risk, injury complexity, or rehabilitation context.; Metadata-level ranking should be complemented with full-text expert review before strong claims are made.",10.1146/ANNUREV.BI.06.070137.002223,d8a28df2b5118ce994e5a6b4e8741231ee87b670,https://doi.org/10.1146/ANNUREV.BI.06.070137.002223,,paper,unknown,brain; brain in title,
73,1937,THE EFFECT OF INHIBITORS ON SUCCINOXIDASE,"V. Potter, C. Elvehjem",Unknown venue,1937,20,0,62.2,General Brain Science and Reviews,human;non-human,In a previous publication it was shown that succinic acid is rapidly oxidized by homogenized suspensions of chick kidney (1).,high citation signal (20); open-access PDF metadata; human evidence signal,"Broad reviews can dominate citation-ranked lists while obscuring narrower empirical advances.; Taxonomy boundaries are imperfect because many brain papers combine methods, scales, and diseases.; Non-human findings need careful translation to human brain organization and clinical outcomes.",10.1016/s0021-9258(18)74609-7,601ca5e814c3ff86cf94401a426279040c24e09d,https://doi.org/10.1016/s0021-9258(18)74609-7,https://doi.org/10.1016/s0021-9258(18)74609-7,paper,unknown,brain,"In a previous publication it was shown that succinic acid is rapidly oxidized by homogenized suspensions of chick kidney (1). In view of the fact that succinic acid is an important intermediate in tissue oxidat.ions (2-4) it seemed desirable to study some of the properties of the succinoxidase system by means of the new technique. Quastel and Woolridge (5), using the methylene blue technique, showed that toluene-treated Bacillus coli were able to oxidize succinic acid as easily as did the untreated organisms, although the treated organisms were inactive with respect to many other substrates. They demonstrated the fact that malonic acid markedly inhibits the oxidation of succinic acid. Later Quastel and Wheatley (6) included minced rabbit muscle and brain, and human brain in their studies, using the Barcroft technique. They used 0.5 gm. of minced tissue in a total volume of 3 cc. In the case of the animal tissues, malonic acid again inhibited the oxidation of succinic acid. Clutterbuck (7) studied the conversion of succinic acid and fumaric acid into Lmalic acid by a polarimetric method. He showed that 30 gm. of minced liver in a volume of about 500 cc. could convert 5 gm. of succinic acid to an equilibrium mixture of fumaric and malic acids (about 3.5 gm.) in 6 hours, while the conversion of fumaric acid required only 2 hours. It thus appears that both fumarase and succinoxidase were highly active at the dilution employed in his experiments, and that the fumarase reaction is the faster of the two. Ogston and Green (8) have"
74,1937,Electrical Brain Waves in Schizophrenics During Insulin Treatments,"H. Hoagland, M. A. Rubin, D. Cameron",Unknown venue,1937-04-01,19,0,61.92,General Brain Science and Reviews,,Positions Electrical Brain Waves in Schizophrenics During Insulin Treatments within General Brain Science and Reviews.,high citation signal (19),"Broad reviews can dominate citation-ranked lists while obscuring narrower empirical advances.; Taxonomy boundaries are imperfect because many brain papers combine methods, scales, and diseases.; Metadata-level ranking should be complemented with full-text expert review before strong claims are made.",10.1080/00223980.1937.9917518,c62744a477c0db97b58084eb9de467a74b59c2be,https://doi.org/10.1080/00223980.1937.9917518,,paper,unknown,brain; brain in title,
75,1937,On the Vital Staining of the Central Nervous System: Experiments devised to break down by allergic reaction the blood-brain barrier in the medullary vestibular region of guinea-pigs,T. Skoog,Unknown venue,1937,19,0,61.92,General Brain Science and Reviews,,Positions On the Vital Staining of the Central Nervous System: Experiments devised to break down by allergic reaction the blood-brain barrier in the medullary vestibular region of guinea-pigs within General Brain Science and Reviews.,high citation signal (19),"Broad reviews can dominate citation-ranked lists while obscuring narrower empirical advances.; Taxonomy boundaries are imperfect because many brain papers combine methods, scales, and diseases.; Metadata-level ranking should be complemented with full-text expert review before strong claims are made.",10.3109/00016483709127973,0cf0d289ba4cf6a6b8a3a6cd07a646943417a305,https://doi.org/10.3109/00016483709127973,,paper,unknown,brain; brain in title,
76,1937,Studies on brain metabolism: The anaerobic dismutation of α-keto-acids,H. Weil-Malherbe,Unknown venue,1937-12-01,19,0,64.92,"Cerebrovascular, Metabolism, and Brain Injury",,"Positions Studies on brain metabolism: The anaerobic dismutation of α-keto-acids within Cerebrovascular, Metabolism, and Brain Injury.",high citation signal (19); open-access PDF metadata,"Acute injury studies can be sensitive to timing, severity, comorbidity, and treatment heterogeneity.; Animal models may not capture human vascular risk, injury complexity, or rehabilitation context.; Metadata-level ranking should be complemented with full-text expert review before strong claims are made.",10.1042/BJ0312202,28bbfb6ed765c3d87211c8a3d098200513c54350,https://doi.org/10.1042/BJ0312202,https://europepmc.org/articles/pmc1267201?pdf=render,paper,unknown,brain; brain in title,
77,1937,The Thalamic Connections of the Temporal Lobe of the Brain in the Monkey.,W. E. Clark,Journal of Anatomy,1937-09-01,19,0,63.12,General Brain Science and Reviews,non-human,Positions The Thalamic Connections of the Temporal Lobe of the Brain in the Monkey. within General Brain Science and Reviews.,high citation signal (19),"Broad reviews can dominate citation-ranked lists while obscuring narrower empirical advances.; Taxonomy boundaries are imperfect because many brain papers combine methods, scales, and diseases.; Non-human findings need careful translation to human brain organization and clinical outcomes.",10.1097/00005053-193709000-00025,b6a4c77c454bf03147a46c465c1ae2c5f7360aa1,https://doi.org/10.1097/00005053-193709000-00025,,JournalArticle; Review,unknown,brain; brain in title,
78,1937,PROPAGATION OF RABIES VIRUS IN TISSUE CULTURE,"L. T. Webster, A. D. Clow",Journal of Experimental Medicine,1937-06-30,19,0,60.12,General Brain Science and Reviews,non-human,Rabies virus has been propagated in serum-Tyrode solution containing either embryo mouse brain or embryo chick brain.,high citation signal (19); open-access PDF metadata,"Broad reviews can dominate citation-ranked lists while obscuring narrower empirical advances.; Taxonomy boundaries are imperfect because many brain papers combine methods, scales, and diseases.; Non-human findings need careful translation to human brain organization and clinical outcomes.",10.1084/jem.66.1.125,098c241633fbdc1f06939bc495b9497c1cd2f234,https://doi.org/10.1084/jem.66.1.125,https://rupress.org/jem/article-pdf/66/1/125/1180959/125.pdf,JournalArticle,unknown,brain,"Rabies virus has been propagated in serum-Tyrode solution containing either embryo mouse brain or embryo chick brain. The culture virus reached a titre of 3 x 10-5 cc. after 4 days' incubation at 37°C., and survived at least 2 months at 5°C. in the liquid or dry state."
79,1937,VESTIBULOCEREBRAL PATHWAYS: A CONTRIBUTION TO THE CENTRAL MECHANISM OF VERTIGO,"J. Price, E. Spiegel",Unknown venue,1937-12-01,19,0,55.92,General Brain Science and Reviews,,Positions VESTIBULOCEREBRAL PATHWAYS: A CONTRIBUTION TO THE CENTRAL MECHANISM OF VERTIGO within General Brain Science and Reviews.,high citation signal (19),"Broad reviews can dominate citation-ranked lists while obscuring narrower empirical advances.; Taxonomy boundaries are imperfect because many brain papers combine methods, scales, and diseases.; Metadata-level ranking should be complemented with full-text expert review before strong claims are made.",10.1001/ARCHOTOL.1937.00650020730002,b23a8bab4dcda1af36f2dc064c259838941efbe5,https://doi.org/10.1001/ARCHOTOL.1937.00650020730002,,paper,unknown,cerebral,
80,1937,ADEQUATE SHAPE AND RATE OF STIMULI IN ELECTRICAL STIMULATION OF THE CEREBRAL MOTOR CORTEX,"O. Wyss, S. Obrador",Unknown venue,1937-08-31,18,0,65.4,General Brain Science and Reviews,non-human;stimulation,Positions ADEQUATE SHAPE AND RATE OF STIMULI IN ELECTRICAL STIMULATION OF THE CEREBRAL MOTOR CORTEX within General Brain Science and Reviews.,high citation signal (18),"Broad reviews can dominate citation-ranked lists while obscuring narrower empirical advances.; Taxonomy boundaries are imperfect because many brain papers combine methods, scales, and diseases.; Non-human findings need careful translation to human brain organization and clinical outcomes.",10.1152/AJPLEGACY.1937.120.1.42,ef1c189c6c07242df7a1eb2b6cd2184966640afc,https://doi.org/10.1152/AJPLEGACY.1937.120.1.42,,paper,unknown,cerebral; cortex; neuroscience term,
81,1937,Brain mechanisms and variability. III. Limitations of the effect of cortical injury upon variability.,I. Krechevsky,Unknown venue,1937,18,0,63.0,General Brain Science and Reviews,,Positions Brain mechanisms and variability. III. Limitations of the effect of cortical injury upon variability. within General Brain Science and Reviews.,high citation signal (18),"Broad reviews can dominate citation-ranked lists while obscuring narrower empirical advances.; Taxonomy boundaries are imperfect because many brain papers combine methods, scales, and diseases.; Metadata-level ranking should be complemented with full-text expert review before strong claims are made.",10.1037/H0062465,f35c4b9d683613e03458c14aa278cf8b366765cb,https://doi.org/10.1037/H0062465,,paper,unknown,brain; cortical; brain in title,
82,1937,"BRAIN POTENTIALS FROM NORMAL SUBJECTS, STUTTERERS AND SCHIZOPHRENIC PATIENTS","L. E. Travis, W. Malamud",Unknown venue,1937,18,0,62.2,Clinical Neurology and Neurodegeneration,human,"Positions BRAIN POTENTIALS FROM NORMAL SUBJECTS, STUTTERERS AND SCHIZOPHRENIC PATIENTS within Clinical Neurology and Neurodegeneration.",high citation signal (18); human evidence signal,"Clinical cohorts often differ in disease stage, comorbidity, treatment history, and follow-up duration.; Biomarkers may not transfer cleanly across populations, scanners, care settings, or diagnostic criteria.; Human cohort effects can depend on recruitment, demographics, comorbidity, and measurement context.",10.1176/AJP.93.4.929,2b2a1a633429386cd785e061d9fb2b38b0553615,https://doi.org/10.1176/AJP.93.4.929,,paper,unknown,brain; brain in title,
83,1937,HYPERTENSIVE DISEASE OF THE BRAIN,C. Fortune,Unknown venue,1937-10-01,17,0,60.03,General Brain Science and Reviews,,Positions HYPERTENSIVE DISEASE OF THE BRAIN within General Brain Science and Reviews.,high citation signal (17),"Broad reviews can dominate citation-ranked lists while obscuring narrower empirical advances.; Taxonomy boundaries are imperfect because many brain papers combine methods, scales, and diseases.; Metadata-level ranking should be complemented with full-text expert review before strong claims are made.",10.1097/00005053-193710000-00026,942e60129d414527dfdd542d99c33ff7a2c8a3b5,https://doi.org/10.1097/00005053-193710000-00026,,paper,unknown,brain; brain in title,
84,1937,NATURE AND SIGNIFICANCE OF MULTIPLE PETECHIAL HEMORRHAGES ASSOCIATED WITH TRAUMA OF THE BRAIN,"W. F. Schaller, K. Tamaki, H. P. Newman",Unknown venue,1937-05-01,17,0,60.03,Neuroimaging and Brain Mapping,,Positions NATURE AND SIGNIFICANCE OF MULTIPLE PETECHIAL HEMORRHAGES ASSOCIATED WITH TRAUMA OF THE BRAIN within Neuroimaging and Brain Mapping.,high citation signal (17),"Scanner, protocol, site, and preprocessing variation can limit reproducibility across cohorts.; Associational imaging biomarkers often need stronger longitudinal or intervention evidence before causal claims are made.; Metadata-level ranking should be complemented with full-text expert review before strong claims are made.",10.1001/ARCHNEURPSYC.1937.02260170076004,a1953a5ab608656873d6ec0ced5552b0d100527f,https://doi.org/10.1001/ARCHNEURPSYC.1937.02260170076004,,Review,unknown,brain; brain in title,
85,1937,THE PROBABLE NATURE OF THE INFECTIOUS AGENT OF TRACHOMA,"L. A. Julianelle, R. W. Harrison, M. C. Morris",Journal of Experimental Medicine,1937-04-30,17,0,60.23,General Brain Science and Reviews,non-human,1. The infectious agent of trachoma can be freed from extraneous bacteria by passage through rabbit testicle.,high citation signal (17); open-access PDF metadata,"Broad reviews can dominate citation-ranked lists while obscuring narrower empirical advances.; Taxonomy boundaries are imperfect because many brain papers combine methods, scales, and diseases.; Non-human findings need careful translation to human brain organization and clinical outcomes.",10.1084/jem.65.5.735,843275bc703f77b0e9b112d3a733c0595a26fff2,https://doi.org/10.1084/jem.65.5.735,http://jem.rupress.org/content/jem/65/5/735.full.pdf,JournalArticle,unknown,brain; cerebral,"1. The infectious agent of trachoma can be freed from extraneous bacteria by passage through rabbit testicle. 2. The infectious agent multiplies little, if at all, during such passage, but in many instances retains its infectivity undiminished. 3. No specific changes occur in the rabbit testicle incidentally to the passage. 4. On rare occasion the trachoma agent may be freed from bacteria by intracerebral passage. The brain tissues show no specific reaction. 5. Filtration experiments with Seitz, Kramer, Berkefeld, and Elford filters confirm the general observation that the infectious agent is filterable with difficulty. 6. Tissue culture experiments, with tissues containing the infectious agent (conjunctiva, rabbit testicle, brain, etc.), conducted under a wide variety of conditions, proved uniformly unsuccessful in the cultivation of the agent. 7. The agent is inactivated by bile, AgNO3, phenol, cocaine, tartar emetic, and gentian violet. Its heat inactivation temperature is between 45° and 50°C., at a time interval of 15 minutes. 8. Attempts to preserve the infectious agent in glycerine were unsuccessful. 9. The accumulated evidence suggests that the infectious agent of trachoma is a virus."
86,1937,The function of the brain in auditory localization. II. The effect of cortical operation upon original learning,L. A. Pennington,Unknown venue,1937-04-01,16,0,62.2,Cognitive and Systems Neuroscience,non-human,Positions The function of the brain in auditory localization. II. The effect of cortical operation upon original learning within Cognitive and Systems Neuroscience.,high citation signal (16),"Task designs can simplify cognition enough that ecological validity becomes uncertain.; Cross-species alignment between circuits, behavior, and subjective experience remains imperfect.; Non-human findings need careful translation to human brain organization and clinical outcomes.",10.1002/cne.900660210,06f45fea2e5e6b20cab6812e677ed581ad59c08b,https://doi.org/10.1002/cne.900660210,,paper,unknown,brain; cortical; brain in title,
87,1937,Evidence of selection in the building up of brain lecithins and cephalins.,"K. McConnell, R. Sinclair",Unknown venue,1937-03-01,16,0,64.4,"Brain Development, Plasticity, and Connectomics",human;non-human,"Several years ago it was shown that, of the various organs studied, the brain was the only one which did not show a clear cut relationship between the composition of the phospholipids and the nature of the food fat (1).",high citation signal (16); open-access PDF metadata; human evidence signal,"Developmental and aging studies are sensitive to cohort composition, attrition, and longitudinal sampling intervals.; Network measures can depend heavily on parcellation, thresholding, and acquisition choices.; Non-human findings need careful translation to human brain organization and clinical outcomes.",10.1016/s0021-9258(18)74523-7,ea55a3b6919ad802bcc982702bf5c436a0e8c104,https://doi.org/10.1016/s0021-9258(18)74523-7,https://doi.org/10.1016/s0021-9258(18)74523-7,paper,unknown,brain; brain in title,"Several years ago it was shown that, of the various organs studied, the brain was the only one which did not show a clear cut relationship between the composition of the phospholipids and the nature of the food fat (1). The brain phospholipids appeared to exhibit the constancy of composition which was thought by Terroine and coworkers (2, 3) to hold for all tissue phospholipids. Meanwhile it has been found that elaidic acid can be used with success as a means, not only of demonstrating that ingested fatty acids become incorporated into the tissue phospholipids, but of measuring the rate of phospholipid turnover (4, 5). Obviously it was of considerable interest to apply the elaidic acid procedure to the phospholipids, or more precisely, the lecithins and cephalins of the brain. A few preliminary experiments indicated that there was little, if any, elaidic acid in the lecithins and cephalins of the brains of rats which had been raised from weaning age on a diet rich in elaidin. In view of the fact that a large part of the brain development takes place during the first 3 weeks of postnatal life (6), it was decided to supply large amounts of elaidic acid throughout the entire period of development. This was accomplished by feeding an adequate diet rich in elaidin to adult female rats during the gestation period and while the young were suckling. As shown by the preceding paper (7), elaidic acid passes through the placenta and also into the milk. Groups of rats were taken at birth, when about 3 weeks old, and when about 3 months old."
88,1937,Racial and 'inferiority' characters in the human brain,G. Levin,Unknown venue,1937-04-01,16,0,60.2,General Brain Science and Reviews,human,Positions Racial and 'inferiority' characters in the human brain within General Brain Science and Reviews.,high citation signal (16); human evidence signal,"Broad reviews can dominate citation-ranked lists while obscuring narrower empirical advances.; Taxonomy boundaries are imperfect because many brain papers combine methods, scales, and diseases.; Human cohort effects can depend on recruitment, demographics, comorbidity, and measurement context.",10.1002/AJPA.1330220302,0d819c9eaeedf3f14de1c1bb09fea414c28b7229,https://doi.org/10.1002/AJPA.1330220302,,paper,unknown,brain; brain in title,
89,1937,The effects of ether on brain oxidations.,"M. Jowett, J. H. Quastel",Biochemical Journal,1937-07-01,16,0,62.0,General Brain Science and Reviews,,Positions The effects of ether on brain oxidations. within General Brain Science and Reviews.,high citation signal (16); open-access PDF metadata,"Broad reviews can dominate citation-ranked lists while obscuring narrower empirical advances.; Taxonomy boundaries are imperfect because many brain papers combine methods, scales, and diseases.; Metadata-level ranking should be complemented with full-text expert review before strong claims are made.",10.1042/BJ0311101,b4ccee22a63bb6a93f1375c2facf631939be4a1d,https://doi.org/10.1042/BJ0311101,https://europepmc.org/articles/pmc1267055?pdf=render,JournalArticle,unknown,brain; brain in title,
90,1937,Effects of hydroxymalonate on the metabolism of brain.,"M. Jowett, J. H. Quastel",Biochemical Journal,1937-02-01,15,0,60.91,"Cerebrovascular, Metabolism, and Brain Injury",,"Positions Effects of hydroxymalonate on the metabolism of brain. within Cerebrovascular, Metabolism, and Brain Injury.",high citation signal (15); open-access PDF metadata,"Acute injury studies can be sensitive to timing, severity, comorbidity, and treatment heterogeneity.; Animal models may not capture human vascular risk, injury complexity, or rehabilitation context.; Metadata-level ranking should be complemented with full-text expert review before strong claims are made.",10.1042/BJ0310275,c2929872e4a480b8e1b2bf2184bdf3f2554e303c,https://doi.org/10.1042/BJ0310275,https://europepmc.org/articles/pmc1266928?pdf=render,JournalArticle,unknown,brain; brain in title,
91,1937,Megalencephaly,W. Brain,Unknown venue,1937-02-01,15,0,56.11,"EEG, MEG, and Electrophysiology",MEG,"Positions Megalencephaly within EEG, MEG, and Electrophysiology.",high citation signal (15); open-access PDF metadata,"Low signal-to-noise ratio, artifacts, and source-localization uncertainty complicate interpretation.; Many studies rely on controlled tasks and may not generalize to everyday behavior or clinical monitoring.; Metadata-level ranking should be complemented with full-text expert review before strong claims are made.",10.1177/003591573703000431,ef528b07542e61dc306a2f4c656aa8cb222e28e2,https://doi.org/10.1177/003591573703000431,https://doi.org/10.1177/003591573703000431,paper,unknown,meg,
92,1937,"The Complement Fixation Reaction in Experimental Equine Encephalomyelitis, Lymphocytic Choriomeningitis and the St. Louis Type of Encephalitis",B. Howitt,Journal of Immunology,1937-09-01,15,1,57.31,General Brain Science and Reviews,human;non-human,"The complement fixation test may be applied to the differentiation of the viruses of equine encephalomyelitis, lymphocytic choriomeningitis and St.",high citation signal (15); open-access PDF metadata; human evidence signal,"Broad reviews can dominate citation-ranked lists while obscuring narrower empirical advances.; Taxonomy boundaries are imperfect because many brain papers combine methods, scales, and diseases.; Non-human findings need careful translation to human brain organization and clinical outcomes.",10.4049/jimmunol.33.3.235,78f17a629d19243901036fd36ec1988bcb8080d1,https://doi.org/10.4049/jimmunol.33.3.235,https://journals.aai.org/jimmunol/article-pdf/33/3/235/1466425/ji0330030235.pdf,paper,unknown,brain,"The complement fixation test may be applied to the differentiation of the viruses of equine encephalomyelitis, lymphocytic choriomeningitis and St. Louis type of human encephalitis, respectively. The eastern, western and Moscow 2 strains of equine encephalomyelitis were clearly differentiated when using guinea pig brain antigens, but there was occasional cross fixation between the American strains when using mouse brain antigen. The Russian strain was quite distinct from either. There was no cross fixation between serums and antigens of the equine encephalomyelitic group and those of normal guinea pig and normal mouse or with the viruses of Borna disease, of lymphocytic choriomeningitis and of the St. Louis human encephalitis, respectively. Similarly there were no cross reactions between the antigens and serums of the 2 latter viruses nor between these and normal guinea pig brain antigens and serums, respectively. Complement fixing antibodies when once developed in hyperimmunized animals for the equine viruses may be retained for at least 3 months. The titer may decline but can be restored by virus injections. They may also be present in serums kept for at least 1 year and 10 months in the icebox. Neutralizing substances for the equine strains usually appeared somewhat earlier than the complement fixing antibodies. Antigens of the eastern, western and Moscow 2 strains of virus, respectively, gave positive fixation when passed through ultrafilters of 470 mu porosity. Potency was reduced by filtration through 200 mu membranes and entirely lost by those of 160 mu. Heating to 55°C. destroyed the antigenicity of the unfiltered western antigens and partially affected those of the eastern and Russian strains of equine encephalomyelitis. Heated filtrates were negative. The unfiltered mouse brain antigens of the American strains and those filtered through 470 mu gradocol membranes remained viable to mice, but not if heated or passed through finer filters. The Moscow 2 antigen remained viable only if untreated by heat or filtration."
93,1937,Further Investigations on the Blood-Brain-Barrier The Significance of the Electrical Charge and the ζ-Potential in the Problem of the Blood-Brain-Barrier and Capillary Permeability in General,U. Friedemann,Unknown venue,1937-02-01,14,1,56.74,General Brain Science and Reviews,,Positions Further Investigations on the Blood-Brain-Barrier The Significance of the Electrical Charge and the ζ-Potential in the Problem of the Blood-Brain-Barrier and Capillary Permeability in General within General Brain Science and Reviews.,high citation signal (14),"Broad reviews can dominate citation-ranked lists while obscuring narrower empirical advances.; Taxonomy boundaries are imperfect because many brain papers combine methods, scales, and diseases.; Metadata-level ranking should be complemented with full-text expert review before strong claims are made.",,b21142fe3ee1ef8c89af7b12ea5aa41c96cc0e9c,https://www.semanticscholar.org/paper/b21142fe3ee1ef8c89af7b12ea5aa41c96cc0e9c,,paper,unknown,brain; brain in title,
94,1937,On a coenurus from the brain of a monkey.,J. H. Sandground,Unknown venue,1937-10-01,14,0,57.94,General Brain Science and Reviews,non-human,Positions On a coenurus from the brain of a monkey. within General Brain Science and Reviews.,high citation signal (14),"Broad reviews can dominate citation-ranked lists while obscuring narrower empirical advances.; Taxonomy boundaries are imperfect because many brain papers combine methods, scales, and diseases.; Non-human findings need careful translation to human brain organization and clinical outcomes.",10.2307/3272395,cf024816be16975bd218496c2fd72b3375d6c03a,https://doi.org/10.2307/3272395,,paper,unknown,brain; brain in title,
95,1937,THE TREATMENT OF ENCAPSULATED BRAIN ABSCESS,E. Kahn,Unknown venue,1937-01-09,13,0,55.5,General Brain Science and Reviews,,Positions THE TREATMENT OF ENCAPSULATED BRAIN ABSCESS within General Brain Science and Reviews.,high citation signal (13),"Broad reviews can dominate citation-ranked lists while obscuring narrower empirical advances.; Taxonomy boundaries are imperfect because many brain papers combine methods, scales, and diseases.; Metadata-level ranking should be complemented with full-text expert review before strong claims are made.",10.1001/JAMA.1937.02780020005002,628cbc1ae24ae9c5fb4db9fb031075988934f06f,https://doi.org/10.1001/JAMA.1937.02780020005002,,paper,unknown,brain; brain in title,
96,1937,Pyruvate oxidase in brain: Co-carboxylase.,R. Peters,Biochemical Journal,1937-12-01,12,0,57.17,General Brain Science and Reviews,,Positions Pyruvate oxidase in brain: Co-carboxylase. within General Brain Science and Reviews.,high citation signal (12); open-access PDF metadata,"Broad reviews can dominate citation-ranked lists while obscuring narrower empirical advances.; Taxonomy boundaries are imperfect because many brain papers combine methods, scales, and diseases.; Metadata-level ranking should be complemented with full-text expert review before strong claims are made.",10.1042/BJ0312240,45ccdf077f1174e015568ab29be2a1ddb1b4f2fb,https://doi.org/10.1042/BJ0312240,https://europepmc.org/articles/pmc1267205?pdf=render,JournalArticle,unknown,brain; brain in title,
97,1937,THE ACTION OF p-AMINOPHENOL ON CERTAIN TISSUE OXIDATIONS,"F. Bernheim, M. Bernheim, H. Michel",Journal of Pharmacology and Experimental Therapeutics,1937-11-01,12,1,49.37,General Brain Science and Reviews,non-human,1. Compared with a large number of similar substances p-aminophenol is the most active in inhibiting the oxygen uptake of liver suspension.,high citation signal (12),"Broad reviews can dominate citation-ranked lists while obscuring narrower empirical advances.; Taxonomy boundaries are imperfect because many brain papers combine methods, scales, and diseases.; Non-human findings need careful translation to human brain organization and clinical outcomes.",10.1016/s0022-3565(25)09897-0,eda665399f029f294c18059dfd92a072e73791de,https://doi.org/10.1016/s0022-3565(25)09897-0,,JournalArticle,unknown,brain,"1. Compared with a large number of similar substances p-aminophenol is the most active in inhibiting the oxygen uptake of liver suspension. It has no effect on the production of carbon dioxide. 2. The quinoid form of the drug is responsible for the inhibition. The optimum concentration is m/10,000. 3. The inhibition of the oxygen uptake of liver varies between 50 and 60 per cent at pH 6.4 and pH 6.7. Brain and kidney are inhibited 40 and 27 per cent respectively. There is no inhibition at pH 7.8. 4. A large number of substances which are oxidized by liver including succinate, lactate, amino acids, choline, tyramine and alcohol were unaffected by the quinoid form of p-aminophenol. But the oxidation of xanthine was inhibited completely by a concentration of m/20,000 at pH 6.4 and 6.7 and inhibited 50 per cent at pH 7.8. 5. Although related substances such as quinone and the oxidized forms of o-aminophenol and p-phenylene diamine inhibit the oxygen uptake of liver to a certain extent they have no effect on the oxidation of xanthine. The xanthine oxidase is thus specifically inhibited by p-aminophenol. 6. The significance of these results is discussed."
98,1937,THE BRAIN CONSIDERED AS AN ORGAN: NEURAL SYSTEMS AND CENTRAL LEVELS OF ORGANIZATION,J. W. Papez,Unknown venue,1937-04-01,11,1,54.73,General Brain Science and Reviews,,Positions THE BRAIN CONSIDERED AS AN ORGAN: NEURAL SYSTEMS AND CENTRAL LEVELS OF ORGANIZATION within General Brain Science and Reviews.,high citation signal (11),"Broad reviews can dominate citation-ranked lists while obscuring narrower empirical advances.; Taxonomy boundaries are imperfect because many brain papers combine methods, scales, and diseases.; Metadata-level ranking should be complemented with full-text expert review before strong claims are made.",10.1097/00005053-193711000-00029,d7c87308c2b7d447e1bd68cfdb29e35dfcbfbcaa,https://doi.org/10.1097/00005053-193711000-00029,,paper,unknown,brain; neural; brain in title,
99,1937,"The Mechanism of Vision: XIV. Visual Perception of Distance After Injuries to the Cerebral Cortex, Colliculi, or Optic Thalamus",K. Lashley,Unknown venue,1937-09-01,11,0,54.73,Cognitive and Systems Neuroscience,,"Positions The Mechanism of Vision: XIV. Visual Perception of Distance After Injuries to the Cerebral Cortex, Colliculi, or Optic Thalamus within Cognitive and Systems Neuroscience.",high citation signal (11),"Task designs can simplify cognition enough that ecological validity becomes uncertain.; Cross-species alignment between circuits, behavior, and subjective experience remains imperfect.; Metadata-level ranking should be complemented with full-text expert review before strong claims are made.",10.1080/08856559.1937.10534311,9e6b1869779424375ff585ffbdad8a5cfaa6e5a3,https://doi.org/10.1080/08856559.1937.10534311,,paper,unknown,cerebral; cortex; neuroscience term,
100,1937,Chemical studies on the nenroproteins. 1. The amino acid composition of various mammalian brain proteins.,R. Block,Unknown venue,1937-07-01,11,0,52.73,General Brain Science and Reviews,,Positions Chemical studies on the nenroproteins. 1. The amino acid composition of various mammalian brain proteins. within General Brain Science and Reviews.,high citation signal (11),"Broad reviews can dominate citation-ranked lists while obscuring narrower empirical advances.; Taxonomy boundaries are imperfect because many brain papers combine methods, scales, and diseases.; Metadata-level ranking should be complemented with full-text expert review before strong claims are made.",,0e5fa03fa0061f8ab5da58e3e3d75deb40044b01,https://www.semanticscholar.org/paper/0e5fa03fa0061f8ab5da58e3e3d75deb40044b01,,paper,unknown,brain; brain in title,
